{
  "Torso_Hip": {
    "x": 0.19653108174973016,
    "y": 1.0745380811253509e-7,
    "z": -3.298660122315222e-15
  },
  "Torso_Spine": {
    "x": -0.35762304801680095,
    "y": -2.6924288666167374e-7,
    "z": -3.7614065404189034e-8
  },
  "Torso_Chest": {
    "x": 0.04398327412261832,
    "y": 2.578313989180412e-7,
    "z": -7.41263866910929e-9
  },
  "Head_Neck": {
    "x": 0,
    "y": 0,
    "z": 0
  },
  "Torso_Shoulder_L": {
    "x": 0.10972603726149467,
    "y": -0.01868551769324124,
    "z": -1.9471079701686036
  },
  "ArmL_UpperArm_L": {
    "x": 0,
    "y": 0,
    "z": 0
  },
  "ArmL_LowerArm_L": {
    "x": 0.3670607212853992,
    "y": -0.02203959304902066,
    "z": -0.09964958427970284
  },
  "HandL_Hand_L": {
    "x": 0,
    "y": 0,
    "z": 0
  },
  "Torso_Shoulder_R": {
    "x": 0.10972602447594797,
    "y": 0.018685338876097732,
    "z": 1.9471080145144575
  },
  "ArmR_UpperArm_R": {
    "x": 0,
    "y": 0,
    "z": 0
  },
  "ArmR_LowerArm_R": {
    "x": 0.3691745823582184,
    "y": 0.02724367758320986,
    "z": 0.07178006673379587
  },
  "HandR_Hand_R": {
    "x": 0,
    "y": 0,
    "z": 0
  },
  "LegL_UpperLeg_L": {
    "x": 0,
    "y": 0,
    "z": 0
  },
  "LegL_LowerLeg_L": {
    "x": -0.1212363558977517,
    "y": 0.00016531288970585083,
    "z": -0.0017982503427828877
  },
  "FootL_Foot_L": {
    "x": 0,
    "y": 0,
    "z": 0
  },
  "LegR_UpperLeg_R": {
    "x": 0,
    "y": 0,
    "z": 0
  },
  "LegR_LowerLeg_R": {
    "x": -0.1212363558977517,
    "y": -0.00016531288970585083,
    "z": 0.0017982503427828877
  },
  "FootR_Foot_R": {
    "x": 0,
    "y": 0,
    "z": 0
  },
  "Torso_Neck": {
    "x": 0.32015397142581814,
    "y": 7.562644199227106e-8,
    "z": 2.8137516895876683e-8
  },
  "Torso_UpperArm_L": {
    "x": -0.020090844432732433,
    "y": 5.0233914805630795e-8,
    "z": -0.8415633808747729
  },
  "ArmL_Hand_L": {
    "x": 0.031254002176615656,
    "y": 0.04971348983529239,
    "z": 0.1871618372413297
  },
  "Torso_UpperArm_R": {
    "x": -0.020090854433305834,
    "y": -5.980974371322393e-8,
    "z": 0.8415633808534752
  },
  "ArmR_Hand_R": {
    "x": 0.16960978686226547,
    "y": -0.036276422896324274,
    "z": -0.10570736054554877
  },
  "Torso_UpperLeg_L": {
    "x": -0.225954442027462,
    "y": -0.002255576471979986,
    "z": -3.065559506135863
  },
  "LegL_Foot_L": {
    "x": 1.1639885633374873,
    "y": -0.06525044225289559,
    "z": -0.03547914545311711
  },
  "Torso_UpperLeg_R": {
    "x": -0.22595871043191387,
    "y": 0.0022549382250402123,
    "z": 3.0655578739084013
  },
  "LegR_Foot_R": {
    "x": 1.1639887139887533,
    "y": 0.06524965468672239,
    "z": 0.03547912687726631
  }
}
