{
  "Torso_Hip": {
    "x": 0.19653108174973016,
    "y": 1.0745380811253509e-7,
    "z": -3.298660122315222e-15
  },
  "Torso_Spine": {
    "x": -0.35762304801680095,
    "y": -2.6924288666167374e-7,
    "z": -3.7614065404189034e-8
  },
  "Torso_Chest": {
    "x": 0.04398327412261832,
    "y": 2.578313989180412e-7,
    "z": -7.41263866910929e-9
  },
  "Head_Neck": {
    "x": 0,
    "y": 0,
    "z": 0
  },
  "Torso_Shoulder_L": {
    "x": 0.10972603726149467,
    "y": -0.01868551769324124,
    "z": -1.9471079701686036
  },
  "ArmL_UpperArm_L": {
    "x": 0,
    "y": 0,
    "z": 0
  },
  "ArmL_LowerArm_L": {
    "x": 2.3458090458,
    "y": 0.4594177486,
    "z": 0.1060514115
  },
  "HandL_Hand_L": {
    "x": 0,
    "y": 0,
    "z": 0
  },
  "Torso_Shoulder_R": {
    "x": 0.1097260245,
    "y": 0.018685338876097732,
    "z": 1.9471080145144575
  },
  "ArmR_UpperArm_R": {
    "x": 0,
    "y": 0,
    "z": 0
  },
  "ArmR_LowerArm_R": {
    "x": 2.345808426,
    "y": -0.3594203595840212,
    "z": -0.3060517592751023
  },
  "HandR_Hand_R": {
    "x": 0,
    "y": 0,
    "z": 0
  },
  "LegL_UpperLeg_L": {
    "x": 0,
    "y": 0,
    "z": 0
  },
  "LegL_LowerLeg_L": {
    "x": -1.2212363559,
    "y": 0.1001653129,
    "z": -0.0017982503427828877
  },
  "FootL_Foot_L": {
    "x": 0,
    "y": 0,
    "z": 0
  },
  "LegR_UpperLeg_R": {
    "x": 0,
    "y": 0,
    "z": 0
  },
  "LegR_LowerLeg_R": {
    "x": -1.2212363559,
    "y": -0.00016531288970585083,
    "z": 0.0017982503427828877
  },
  "FootR_Foot_R": {
    "x": 0,
    "y": 0,
    "z": 0
  },
  "Torso_Neck": {
    "x": 0.32015397142581814,
    "y": 7.562644199227106e-8,
    "z": 2.8137516895876683e-8
  },
  "Torso_UpperArm_L": {
    "x": 0.3799091556,
    "y": -1.3999999498,
    "z": 0.3584366191
  },
  "ArmL_Hand_L": {
    "x": -0.1353261245,
    "y": -2.1760224511,
    "z": 0.2150692343776071
  },
  "Torso_UpperArm_R": {
    "x": 0.0799091456,
    "y": 0.8999999402,
    "z": -0.0584366191
  },
  "ArmR_Hand_R": {
    "x": -0.0353263424,
    "y": 1.8760249689,
    "z": -0.21506855371870892
  },
  "Torso_UpperLeg_L": {
    "x": -1.025954442,
    "y": 0.1977444235,
    "z": -2.8655595061
  },
  "LegL_Foot_L": {
    "x": 1.2639885633,
    "y": -0.06525044225289559,
    "z": -0.03547914545311711
  },
  "Torso_UpperLeg_R": {
    "x": -0.8259587104,
    "y": -0.1977450618,
    "z": 2.8
  },
  "LegR_Foot_R": {
    "x": 1.1639887139887533,
    "y": 0.06524965468672239,
    "z": 0.03547912687726631
  }
}
