{
    "Torso_Hip": {
        "x": 0.19653108174973016,
        "y": 1.0745380811253509e-7,
        "z": -3.298660122315222e-15
    },
    "Torso_Spine": {
        "x": -0.057623048,
        "y": -0.5000002692,
        "z": 0.1999999624
    },
    "Torso_Chest": {
        "x": 0.2439832741,
        "y": 2.578313989180412e-7,
        "z": -7.41263866910929e-9
    },
    "Head_Neck": {
        "x": 0,
        "y": 0,
        "z": 0
    },
    "Torso_Shoulder_L": {
        "x": 0.1097260373,
        "y": -0.01868551769324124,
        "z": -1.9471079701686036
    },
    "ArmL_UpperArm_L": {
        "x": 0,
        "y": 0,
        "z": 0
    },
    "ArmL_LowerArm_L": {
        "x": -0.0139719457,
        "y": -0.6458442025,
        "z": 0.190006743
    },
    "HandL_Hand_L": {
        "x": 0,
        "y": 0,
        "z": 0
    },
    "Torso_Shoulder_R": {
        "x": 0.10972602447594797,
        "y": 0.018685338876097732,
        "z": 1.9471080145144575
    },
    "ArmR_UpperArm_R": {
        "x": 0,
        "y": 0,
        "z": 0
    },
    "ArmR_LowerArm_R": {
        "x": 2.5,
        "y": 2.6458442006,
        "z": -0.3900067176124453
    },
    "HandR_Hand_R": {
        "x": 0,
        "y": 0,
        "z": 0
    },
    "LegL_UpperLeg_L": {
        "x": 0,
        "y": 0,
        "z": 0
    },
    "LegL_LowerLeg_L": {
        "x": -0.5212363559,
        "y": 0.0001653129,
        "z": -0.1017982503
    },
    "FootL_Foot_L": {
        "x": 0,
        "y": 0,
        "z": 0
    },
    "LegR_UpperLeg_R": {
        "x": 0,
        "y": 0,
        "z": 0
    },
    "LegR_LowerLeg_R": {
        "x": -0.6212363559,
        "y": -0.00016531288970585083,
        "z": 0.1017982503
    },
    "FootR_Foot_R": {
        "x": 0,
        "y": 0,
        "z": 0
    },
    "Torso_Neck": {
        "x": 0.6201539714,
        "y": 0.1000000756,
        "z": 0.3000000281
    },
    "Torso_UpperArm_L": {
        "x": -0.0200908444,
        "y": 0.2000000502,
        "z": 0.5584366191
    },
    "ArmL_Hand_L": {
        "x": 0.0022170091,
        "y": -0.29959042826606835,
        "z": 0.010628680801592735
    },
    "Torso_UpperArm_R": {
        "x": 0.9799091456,
        "y": 0.8999999402,
        "z": -0.4584366191
    },
    "ArmR_Hand_R": {
        "x": 0.0022169958,
        "y": -0.5004096641,
        "z": -0.010628772753321199
    },
    "Torso_UpperLeg_L": {
        "x": -0.525954442,
        "y": -0.0022555765,
        "z": -2.9
    },
    "LegL_Foot_L": {
        "x": 1.1639885633374873,
        "y": -0.06525044225289559,
        "z": -0.03547914545311711
    },
    "Torso_UpperLeg_R": {
        "x": -0.6259587104,
        "y": 0.0022549382250402123,
        "z": 2.9
    },
    "LegR_Foot_R": {
        "x": 1.1639887139887533,
        "y": 0.06524965468672239,
        "z": 0.03547912687726631
    }
}