{
  "Torso_Hip": {
    "x": 0.19653108174973016,
    "y": 1.0745380811253509e-7,
    "z": -3.298660122315222e-15
  },
  "Torso_Spine": {
    "x": -0.35762304801680095,
    "y": -2.6924288666167374e-7,
    "z": -3.7614065404189034e-8
  },
  "Torso_Chest": {
    "x": 0.04398327412261832,
    "y": -0.1999997422,
    "z": -7.41263866910929e-9
  },
  "Head_Neck": { "x": 0, "y": 0, "z": 0 },
  "Torso_Shoulder_L": {
    "x": 0.10972603726149467,
    "y": -0.01868551769324124,
    "z": -1.9471079701686036
  },
  "ArmL_UpperArm_L": { "x": 0, "y": 0, "z": 0 },
  "ArmL_LowerArm_L": { "x": 0.2, "y": 0.0541557975, "z": 1.690006743 },
  "HandL_Hand_L": { "x": 0, "y": 0, "z": 0 },
  "Torso_Shoulder_R": {
    "x": 0.10972602447594797,
    "y": 0.018685338876097732,
    "z": 1.9471080145144575
  },
  "ArmR_UpperArm_R": { "x": 0, "y": 0, "z": 0 },
  "ArmR_LowerArm_R": {
    "x": 1.4860280938,
    "y": 1.0458442006,
    "z": -0.4900067176
  },
  "HandR_Hand_R": { "x": 0, "y": 0, "z": 0 },
  "LegL_UpperLeg_L": { "x": 0, "y": 0, "z": 0 },
  "LegL_LowerLeg_L": {
    "x": -2.1212363559,
    "y": 0.00016531288970585083,
    "z": -0.0017982503427828877
  },
  "FootL_Foot_L": { "x": 0, "y": 0, "z": 0 },
  "LegR_UpperLeg_R": { "x": 0, "y": 0, "z": 0 },
  "LegR_LowerLeg_R": {
    "x": -0.1212363558977517,
    "y": -0.00016531288970585083,
    "z": 0.0017982503427828877
  },
  "FootR_Foot_R": { "x": 0, "y": 0, "z": 0 },
  "Torso_Neck": {
    "x": 0.32015397142581814,
    "y": 0.7000000756,
    "z": 2.8137516895876683e-8
  },
  "Torso_UpperArm_L": {
    "x": 0.0799091556,
    "y": -0.0999999498,
    "z": 0.2584366191
  },
  "ArmL_Hand_L": {
    "x": 0.2022170091,
    "y": -0.29959042826606835,
    "z": -1.0893713192
  },
  "Torso_UpperArm_R": {
    "x": 0.0799091456,
    "y": -1.8000000598,
    "z": 0.2415633809
  },
  "ArmR_Hand_R": {
    "x": 0.1022169958,
    "y": 0.2995903358508101,
    "z": -1.1106287728
  },
  "Torso_UpperLeg_L": {
    "x": -0.625954442,
    "y": -0.3022555765,
    "z": -2.8655595061
  },
  "LegL_Foot_L": {
    "x": 1.1639885633374873,
    "y": -0.06525044225289559,
    "z": -0.03547914545311711
  },
  "Torso_UpperLeg_R": {
    "x": -0.22595871043191387,
    "y": 0.0022549382250402123,
    "z": 3.0655578739084013
  },
  "LegR_Foot_R": {
    "x": 1.1639887139887533,
    "y": 0.06524965468672239,
    "z": 0.03547912687726631
  }
}
