{
  "Torso_Hip": {
    "x": 0.2,
    "y": -0.2,
    "z": -3.298660122315222e-15
  },
  "Torso_Spine": {
    "x": -0.35762304801680095,
    "y": -2.6924288666167374e-7,
    "z": -3.7614065404189034e-8
  },
  "Torso_Chest": {
    "x": -0.06,
    "y": 0.1,
    "z": -7.41263866910929e-9
  },
  "Head_Neck": {
    "x": 0,
    "y": 0,
    "z": 0
  },
  "Torso_Shoulder_L": {
    "x": 0.31,
    "y": -0.01868551769324124,
    "z": -1.9471079701686036
  },
  "ArmL_UpperArm_L": {
    "x": 0,
    "y": 0,
    "z": 0
  },
  "ArmL_LowerArm_L": {
    "x": 0.4,
    "y": -0.1,
    "z": -0.2
  },
  "HandL_Hand_L": {
    "x": 0,
    "y": 0,
    "z": 0
  },
  "Torso_Shoulder_R": {
    "x": 0.21,
    "y": -0.08,
    "z": 2.05
  },
  "ArmR_UpperArm_R": {
    "x": 0,
    "y": 0,
    "z": 0
  },
  "ArmR_LowerArm_R": {
    "x": 1.17,
    "y": -0.07,
    "z": 0.27
  },
  "HandR_Hand_R": {
    "x": 0,
    "y": 0,
    "z": 0
  },
  "LegL_UpperLeg_L": {
    "x": 0,
    "y": 0,
    "z": 0
  },
  "LegL_LowerLeg_L": {
    "x": -0.12,
    "y": -0.1,
    "z": 0
  },
  "FootL_Foot_L": {
    "x": 0,
    "y": 0,
    "z": 0
  },
  "LegR_UpperLeg_R": {
    "x": 0,
    "y": 0,
    "z": 0
  },
  "LegR_LowerLeg_R": {
    "x": -0.22,
    "y": 0.1,
    "z": 0.0017982503427828877
  },
  "FootR_Foot_R": {
    "x": 0,
    "y": 0,
    "z": 0
  },
  "Torso_Neck": {
    "x": -0.08,
    "y": 0.2,
    "z": 2.8137516895876683e-8
  },
  "Torso_UpperArm_L": {
    "x": 1.48,
    "y": -0.2,
    "z": 1.1
  },
  "ArmL_Hand_L": {
    "x": 0.03,
    "y": 0.45,
    "z": 0.39
  },
  "Torso_UpperArm_R": {
    "x": -0.22,
    "y": -0.1,
    "z": 0.84
  },
  "ArmR_Hand_R": {
    "x": 0.17,
    "y": -0.14,
    "z": 0.09
  },
  "Torso_UpperLeg_L": {
    "x": -0.33,
    "y": 0.2,
    "z": -3.1
  },
  "LegL_Foot_L": {
    "x": 1.16,
    "y": 0.03,
    "z": 0.06
  },
  "Torso_UpperLeg_R": {
    "x": -0.23,
    "y": -0.3,
    "z": 3
  },
  "LegR_Foot_R": {
    "x": 1.06,
    "y": 0.06524965468672239,
    "z": 0.03547912687726631
  }
}